{
    "total_runtime": 572.2088057994843,
    "num_documents": 1,
    "input_load_time": 0,
    "workflows": {
        "create_base_text_units": {
            "overall": 0.24414324760437012,
            "0_orderby": 0.00788259506225586,
            "1_zip": 0.004156589508056641,
            "2_aggregate_override": 0.008879423141479492,
            "3_chunk": 0.15460824966430664,
            "4_select": 0.007613658905029297,
            "5_unroll": 0.008020877838134766,
            "6_rename": 0.002145528793334961,
            "7_genid": 0.0039789676666259766,
            "8_unzip": 0.003645181655883789,
            "9_copy": 0.0019109249114990234,
            "10_filter": 0.0402836799621582
        },
        "create_base_extracted_entities": {
            "overall": 262.9727075099945,
            "0_entity_extract": 262.9560170173645,
            "1_merge_graphs": 0.01369023323059082
        },
        "create_final_covariates": {
            "overall": 262.9875428676605,
            "0_extract_covariates": 262.9513301849365,
            "1_window": 0.0060100555419921875,
            "2_genid": 0.005190134048461914,
            "3_convert": 0.010012626647949219,
            "4_rename": 0.005997657775878906,
            "5_select": 0.005999326705932617
        },
        "create_summarized_entities": {
            "overall": 4.8483664989471436,
            "0_summarize_descriptions": 4.843368053436279
        },
        "join_text_units_to_covariate_ids": {
            "overall": 0.02707815170288086,
            "0_select": 0.005532503128051758,
            "1_aggregate_override": 0.016546010971069336
        },
        "create_base_entity_graph": {
            "overall": 0.08149600028991699,
            "0_cluster_graph": 0.01900029182434082,
            "1_embed_graph": 0.04806256294250488,
            "2_select": 0.008002281188964844
        },
        "create_final_entities": {
            "overall": 3.7084531784057617,
            "0_unpack_graph": 0.009017705917358398,
            "1_rename": 0.0070188045501708984,
            "2_select": 0.00898599624633789,
            "3_dedupe": 0.010572433471679688,
            "4_rename": 0.009001731872558594,
            "5_filter": 0.01985478401184082,
            "6_text_split": 0.008995532989501953,
            "7_drop": 0.008983850479125977,
            "8_merge": 0.012016773223876953,
            "9_text_embed": 3.5790441036224365,
            "10_drop": 0.00853419303894043,
            "11_filter": 0.019540071487426758
        },
        "create_final_nodes": {
            "overall": 4.456663131713867,
            "0_layout_graph": 4.318930625915527,
            "1_unpack_graph": 0.009438514709472656,
            "2_unpack_graph": 0.008659839630126953,
            "3_drop": 0.011374950408935547,
            "4_filter": 0.019465208053588867,
            "5_select": 0.008699655532836914,
            "6_rename": 0.008723020553588867,
            "7_join": 0.018685340881347656,
            "8_convert": 0.03210163116455078,
            "9_rename": 0.00958251953125
        },
        "create_final_communities": {
            "overall": 0.21113348007202148,
            "0_unpack_graph": 0.011539459228515625,
            "1_unpack_graph": 0.011115074157714844,
            "2_aggregate_override": 0.013950586318969727,
            "3_join": 0.01348257064819336,
            "4_join": 0.014497756958007812,
            "5_concat": 0.011764764785766602,
            "6_filter": 0.02315497398376465,
            "7_aggregate_override": 0.012305736541748047,
            "8_join": 0.013949394226074219,
            "9_filter": 0.0257875919342041,
            "10_fill": 0.011731863021850586,
            "11_merge": 0.013494253158569336,
            "12_copy": 0.012770414352416992,
            "13_select": 0.011928796768188477
        },
        "join_text_units_to_entity_ids": {
            "overall": 0.05289435386657715,
            "0_select": 0.01151585578918457,
            "1_unroll": 0.013513326644897461,
            "2_aggregate_override": 0.013753175735473633
        },
        "create_final_relationships": {
            "overall": 0.17961478233337402,
            "0_unpack_graph": 0.016292095184326172,
            "1_filter": 0.028351545333862305,
            "2_rename": 0.014389514923095703,
            "3_filter": 0.03165459632873535,
            "4_drop": 0.013631582260131836,
            "5_compute_edge_combined_degree": 0.017776012420654297,
            "6_convert": 0.028288841247558594,
            "7_convert": 0.014199495315551758
        },
        "join_text_units_to_relationship_ids": {
            "overall": 0.07383131980895996,
            "0_select": 0.015492916107177734,
            "1_unroll": 0.015249013900756836,
            "2_aggregate_override": 0.015068769454956055,
            "3_select": 0.015034675598144531
        },
        "create_final_community_reports": {
            "overall": 28.018673181533813,
            "0_prepare_community_reports_nodes": 0.017035484313964844,
            "1_prepare_community_reports_edges": 0.01585698127746582,
            "2_prepare_community_reports_claims": 0.01944589614868164,
            "3_restore_community_hierarchy": 0.019199132919311523,
            "4_prepare_community_reports": 0.05263781547546387,
            "5_create_community_reports": 27.857166290283203,
            "6_window": 0.022028207778930664
        },
        "create_final_text_units": {
            "overall": 0.17397809028625488,
            "0_select": 0.0319974422454834,
            "1_rename": 0.018984317779541016,
            "2_join": 0.0255429744720459,
            "3_join": 0.022190570831298828,
            "4_join": 0.019001483917236328,
            "5_aggregate_override": 0.022241830825805664,
            "6_select": 0.017978906631469727
        },
        "create_base_documents": {
            "overall": 0.19133591651916504,
            "0_unroll": 0.01900005340576172,
            "1_select": 0.01799941062927246,
            "2_rename": 0.017000198364257812,
            "3_join": 0.019535541534423828,
            "4_aggregate_override": 0.019529104232788086,
            "5_join": 0.023694992065429688,
            "6_rename": 0.01901841163635254,
            "7_convert": 0.03755807876586914
        },
        "create_final_documents": {
            "overall": 0.03808259963989258,
            "0_rename": 0.01898336410522461
        }
    }
}