{
    "total_runtime": 128.65605878829956,
    "num_documents": 1,
    "input_load_time": 0,
    "workflows": {
        "create_base_text_units": {
            "overall": 0.22399306297302246,
            "0_orderby": 0.007643461227416992,
            "1_zip": 0.0030069351196289062,
            "2_aggregate_override": 0.009506940841674805,
            "3_chunk": 0.15762829780578613,
            "4_select": 0.003975868225097656,
            "5_unroll": 0.008291244506835938,
            "6_rename": 0.0030002593994140625,
            "7_genid": 0.0035858154296875,
            "8_unzip": 0.00527644157409668,
            "9_copy": 0.004518032073974609,
            "10_filter": 0.015220165252685547
        },
        "create_base_extracted_entities": {
            "overall": 98.93127393722534,
            "0_entity_extract": 98.91211986541748,
            "1_merge_graphs": 0.016132116317749023
        },
        "create_summarized_entities": {
            "overall": 2.938847303390503,
            "0_summarize_descriptions": 2.9335639476776123
        },
        "create_base_entity_graph": {
            "overall": 0.03247332572937012,
            "0_cluster_graph": 0.02193903923034668,
            "1_select": 0.0055255889892578125
        },
        "create_final_entities": {
            "overall": 3.7099568843841553,
            "0_unpack_graph": 0.00798940658569336,
            "1_rename": 0.006094455718994141,
            "2_select": 0.005910396575927734,
            "3_dedupe": 0.008355379104614258,
            "4_rename": 0.005004405975341797,
            "5_filter": 0.01946854591369629,
            "6_text_split": 0.007016420364379883,
            "7_drop": 0.007297992706298828,
            "8_merge": 0.011584758758544922,
            "9_text_embed": 3.594059705734253,
            "10_drop": 0.008514404296875,
            "11_filter": 0.022540569305419922
        },
        "create_final_nodes": {
            "overall": 0.16744136810302734,
            "0_layout_graph": 0.019153356552124023,
            "1_unpack_graph": 0.013117074966430664,
            "2_unpack_graph": 0.011919736862182617,
            "3_drop": 0.00850987434387207,
            "4_filter": 0.022395610809326172,
            "5_select": 0.009121179580688477,
            "6_rename": 0.010543107986450195,
            "7_convert": 0.03660392761230469,
            "8_join": 0.018719911575317383,
            "9_rename": 0.010248422622680664
        },
        "create_final_communities": {
            "overall": 0.25548601150512695,
            "0_unpack_graph": 0.013141393661499023,
            "1_unpack_graph": 0.014580011367797852,
            "2_aggregate_override": 0.01821422576904297,
            "3_join": 0.018196821212768555,
            "4_join": 0.015076398849487305,
            "5_concat": 0.013018369674682617,
            "6_filter": 0.02537369728088379,
            "7_aggregate_override": 0.016765832901000977,
            "8_join": 0.014856576919555664,
            "9_filter": 0.03089594841003418,
            "10_fill": 0.02725982666015625,
            "11_merge": 0.014539718627929688,
            "12_copy": 0.012550830841064453,
            "13_select": 0.012510538101196289
        },
        "join_text_units_to_entity_ids": {
            "overall": 0.05343985557556152,
            "0_select": 0.011920690536499023,
            "1_unroll": 0.013153553009033203,
            "2_aggregate_override": 0.015358209609985352
        },
        "create_final_relationships": {
            "overall": 0.18605256080627441,
            "0_unpack_graph": 0.01469731330871582,
            "1_filter": 0.030917644500732422,
            "2_rename": 0.014102935791015625,
            "3_filter": 0.03296804428100586,
            "4_drop": 0.014405250549316406,
            "5_compute_edge_combined_degree": 0.021312236785888672,
            "6_convert": 0.03064107894897461,
            "7_convert": 0.014119863510131836
        },
        "join_text_units_to_relationship_ids": {
            "overall": 0.07827377319335938,
            "0_select": 0.014416217803955078,
            "1_unroll": 0.015646934509277344,
            "2_aggregate_override": 0.017741680145263672,
            "3_select": 0.01660752296447754
        },
        "create_final_community_reports": {
            "overall": 19.229540824890137,
            "0_prepare_community_reports_nodes": 0.01900625228881836,
            "1_prepare_community_reports_edges": 0.01693892478942871,
            "2_restore_community_hierarchy": 0.02000141143798828,
            "3_prepare_community_reports": 0.04255485534667969,
            "4_create_community_reports": 19.09988570213318,
            "5_window": 0.016033411026000977
        },
        "create_final_text_units": {
            "overall": 0.15840530395507812,
            "0_select": 0.015367746353149414,
            "1_rename": 0.0333409309387207,
            "2_join": 0.025545120239257812,
            "3_join": 0.02409505844116211,
            "4_aggregate_override": 0.022801876068115234,
            "5_select": 0.020967483520507812
        },
        "create_base_documents": {
            "overall": 0.2076120376586914,
            "0_unroll": 0.019001007080078125,
            "1_select": 0.0189969539642334,
            "2_rename": 0.019903898239135742,
            "3_join": 0.02286982536315918,
            "4_aggregate_override": 0.0223996639251709,
            "5_join": 0.02560710906982422,
            "6_rename": 0.02201676368713379,
            "7_convert": 0.039824724197387695
        },
        "create_final_documents": {
            "overall": 0.03756904602050781,
            "0_rename": 0.020767688751220703
        }
    }
}