{
    "total_runtime": 561.5065536499023,
    "num_documents": 1,
    "input_load_time": 0,
    "workflows": {
        "create_base_text_units": {
            "overall": 0.2531108856201172,
            "0_orderby": 0.005644083023071289,
            "1_zip": 0.0025107860565185547,
            "2_aggregate_override": 0.006006002426147461,
            "3_chunk": 0.1929638385772705,
            "4_select": 0.006499528884887695,
            "5_unroll": 0.00553441047668457,
            "6_rename": 0.0030007362365722656,
            "7_genid": 0.005506992340087891,
            "8_unzip": 0.005803585052490234,
            "9_copy": 0.0036988258361816406,
            "10_filter": 0.013322114944458008
        },
        "create_base_extracted_entities": {
            "overall": 423.10493302345276,
            "0_entity_extract": 423.0369231700897,
            "1_merge_graphs": 0.06501126289367676
        },
        "create_summarized_entities": {
            "overall": 40.621342182159424,
            "0_summarize_descriptions": 40.6163375377655
        },
        "create_base_entity_graph": {
            "overall": 0.24330520629882812,
            "0_cluster_graph": 0.06979107856750488,
            "1_embed_graph": 0.17351412773132324,
            "2_select": 0.0
        },
        "create_final_entities": {
            "overall": 3.8281216621398926,
            "0_unpack_graph": 0.02311229705810547,
            "1_rename": 0.003903627395629883,
            "2_select": 0.006396770477294922,
            "3_dedupe": 0.006830692291259766,
            "4_rename": 0.012708425521850586,
            "5_filter": 0.014727592468261719,
            "6_text_split": 0.01399374008178711,
            "7_drop": 0.007073402404785156,
            "8_merge": 0.06106686592102051,
            "9_text_embed": 3.6443305015563965,
            "10_drop": 0.002073049545288086,
            "11_filter": 0.025798320770263672
        },
        "create_final_nodes": {
            "overall": 0.2882351875305176,
            "0_layout_graph": 0.07046890258789062,
            "1_unpack_graph": 0.042429447174072266,
            "2_unpack_graph": 0.03176283836364746,
            "3_drop": 0.009687423706054688,
            "4_filter": 0.02512526512145996,
            "5_select": 0.009973764419555664,
            "6_rename": 0.009556055068969727,
            "7_join": 0.02110147476196289,
            "8_convert": 0.039754390716552734,
            "9_rename": 0.011852025985717773
        },
        "create_final_communities": {
            "overall": 0.29361534118652344,
            "0_unpack_graph": 0.03185224533081055,
            "1_unpack_graph": 0.031007051467895508,
            "2_aggregate_override": 0.019565343856811523,
            "3_join": 0.012192249298095703,
            "4_join": 0.018474817276000977,
            "5_concat": 0.010942935943603516,
            "6_filter": 0.035056352615356445,
            "7_aggregate_override": 0.017943620681762695,
            "8_join": 0.017579078674316406,
            "9_filter": 0.02590155601501465,
            "10_fill": 0.015554428100585938,
            "11_merge": 0.013278961181640625,
            "12_copy": 0.015598535537719727,
            "13_select": 0.012940645217895508
        },
        "join_text_units_to_entity_ids": {
            "overall": 0.06174492835998535,
            "0_select": 0.013531684875488281,
            "1_unroll": 0.012026071548461914,
            "2_aggregate_override": 0.020638465881347656
        },
        "create_final_relationships": {
            "overall": 0.20812273025512695,
            "0_unpack_graph": 0.016132354736328125,
            "1_filter": 0.04497504234313965,
            "2_rename": 0.014318227767944336,
            "3_filter": 0.029482364654541016,
            "4_drop": 0.02171921730041504,
            "5_compute_edge_combined_degree": 0.020946264266967773,
            "6_convert": 0.030780315399169922,
            "7_convert": 0.016656160354614258
        },
        "join_text_units_to_relationship_ids": {
            "overall": 0.0974726676940918,
            "0_select": 0.02069854736328125,
            "1_unroll": 0.022548675537109375,
            "2_aggregate_override": 0.02270030975341797,
            "3_select": 0.01744985580444336
        },
        "create_final_community_reports": {
            "overall": 89.29398012161255,
            "0_prepare_community_reports_nodes": 0.034578561782836914,
            "1_prepare_community_reports_edges": 0.01970052719116211,
            "2_restore_community_hierarchy": 0.015314102172851562,
            "3_prepare_community_reports": 0.06428766250610352,
            "4_create_community_reports": 89.13221859931946,
            "5_window": 0.015630245208740234
        },
        "create_final_text_units": {
            "overall": 0.1489088535308838,
            "0_select": 0.0028705596923828125,
            "1_rename": 0.015003204345703125,
            "2_join": 0.03803849220275879,
            "3_join": 0.025396108627319336,
            "4_aggregate_override": 0.02025580406188965,
            "5_select": 0.020792722702026367
        },
        "create_base_documents": {
            "overall": 0.2024848461151123,
            "0_unroll": 0.01801753044128418,
            "1_select": 0.01870584487915039,
            "2_rename": 0.01947021484375,
            "3_join": 0.02184462547302246,
            "4_aggregate_override": 0.02206897735595703,
            "5_join": 0.01857614517211914,
            "6_rename": 0.023980140686035156,
            "7_convert": 0.03992271423339844
        },
        "create_final_documents": {
            "overall": 0.04333639144897461,
            "0_rename": 0.027707576751708984
        }
    }
}