{
    "total_runtime": 434.4728853702545,
    "num_documents": 1,
    "input_load_time": 0,
    "workflows": {
        "create_base_text_units": {
            "overall": 0.22794795036315918,
            "0_orderby": 0.0059010982513427734,
            "1_zip": 0.0030002593994140625,
            "2_aggregate_override": 0.006000518798828125,
            "3_chunk": 0.16642236709594727,
            "4_select": 0.0040035247802734375,
            "5_unroll": 0.00868844985961914,
            "6_rename": 0.002969026565551758,
            "7_genid": 0.0055084228515625,
            "8_unzip": 0.004999876022338867,
            "9_copy": 0.004000663757324219,
            "10_filter": 0.013794898986816406
        },
        "create_base_extracted_entities": {
            "overall": 355.29990696907043,
            "0_entity_extract": 355.24552607536316,
            "1_merge_graphs": 0.0501863956451416
        },
        "create_summarized_entities": {
            "overall": 11.192097187042236,
            "0_summarize_descriptions": 11.187337875366211
        },
        "create_base_entity_graph": {
            "overall": 0.07025289535522461,
            "0_cluster_graph": 0.05997157096862793,
            "1_select": 0.005246877670288086
        },
        "create_final_entities": {
            "overall": 4.129533290863037,
            "0_unpack_graph": 0.01929640769958496,
            "1_rename": 0.00551152229309082,
            "2_select": 0.005984067916870117,
            "3_dedupe": 0.009957551956176758,
            "4_rename": 0.006009817123413086,
            "5_filter": 0.018095016479492188,
            "6_text_split": 0.010898113250732422,
            "7_drop": 0.00800013542175293,
            "8_merge": 0.04886817932128906,
            "9_text_embed": 3.964226007461548,
            "10_drop": 0.007880210876464844,
            "11_filter": 0.019786596298217773
        },
        "create_final_nodes": {
            "overall": 0.23007702827453613,
            "0_layout_graph": 0.06624984741210938,
            "1_unpack_graph": 0.022733688354492188,
            "2_unpack_graph": 0.024635791778564453,
            "3_filter": 0.023565292358398438,
            "4_drop": 0.007993698120117188,
            "5_select": 0.008114337921142578,
            "6_rename": 0.009000778198242188,
            "7_convert": 0.03579878807067871,
            "8_join": 0.013951301574707031,
            "9_rename": 0.010001420974731445
        },
        "create_final_communities": {
            "overall": 0.2531464099884033,
            "0_unpack_graph": 0.021106243133544922,
            "1_unpack_graph": 0.025902748107910156,
            "2_aggregate_override": 0.016260623931884766,
            "3_join": 0.01644730567932129,
            "4_join": 0.013728857040405273,
            "5_concat": 0.010999441146850586,
            "6_filter": 0.03200197219848633,
            "7_aggregate_override": 0.012750864028930664,
            "8_join": 0.014999628067016602,
            "9_filter": 0.028034210205078125,
            "10_fill": 0.011899709701538086,
            "11_merge": 0.013998746871948242,
            "12_copy": 0.01200103759765625,
            "13_select": 0.012859344482421875
        },
        "join_text_units_to_entity_ids": {
            "overall": 0.053311824798583984,
            "0_select": 0.011009454727172852,
            "1_unroll": 0.0151214599609375,
            "2_aggregate_override": 0.0161135196685791
        },
        "create_final_relationships": {
            "overall": 0.20975947380065918,
            "0_unpack_graph": 0.027692556381225586,
            "1_filter": 0.03480124473571777,
            "2_rename": 0.014507770538330078,
            "3_filter": 0.03586268424987793,
            "4_drop": 0.01510310173034668,
            "5_compute_edge_combined_degree": 0.019362688064575195,
            "6_convert": 0.030968189239501953,
            "7_convert": 0.017009258270263672
        },
        "join_text_units_to_relationship_ids": {
            "overall": 0.08304452896118164,
            "0_select": 0.015016317367553711,
            "1_unroll": 0.015999794006347656,
            "2_aggregate_override": 0.020001888275146484,
            "3_select": 0.018023967742919922
        },
        "create_final_community_reports": {
            "overall": 59.65303707122803,
            "0_prepare_community_reports_nodes": 0.01811528205871582,
            "1_prepare_community_reports_edges": 0.018896818161010742,
            "2_restore_community_hierarchy": 0.019110918045043945,
            "3_prepare_community_reports": 0.05282783508300781,
            "4_create_community_reports": 59.510889291763306,
            "5_window": 0.02009105682373047
        },
        "create_final_text_units": {
            "overall": 0.14925074577331543,
            "0_select": 0.01863551139831543,
            "1_rename": 0.018924236297607422,
            "2_join": 0.023622989654541016,
            "3_join": 0.02590632438659668,
            "4_aggregate_override": 0.025050878524780273,
            "5_select": 0.019203662872314453
        },
        "create_base_documents": {
            "overall": 0.24475765228271484,
            "0_unroll": 0.038100481033325195,
            "1_select": 0.021643400192260742,
            "2_rename": 0.02159738540649414,
            "3_join": 0.026278018951416016,
            "4_aggregate_override": 0.021677017211914062,
            "5_join": 0.028189897537231445,
            "6_rename": 0.021473407745361328,
            "7_convert": 0.04603219032287598
        },
        "create_final_documents": {
            "overall": 0.042523860931396484,
            "0_rename": 0.022229671478271484
        }
    }
}