{
    "total_runtime": 330.2637643814087,
    "num_documents": 1,
    "input_load_time": 0,
    "workflows": {
        "create_base_text_units": {
            "overall": 0.2833564281463623,
            "0_orderby": 0.009358644485473633,
            "1_zip": 0.0039997100830078125,
            "2_aggregate_override": 0.0110015869140625,
            "3_chunk": 0.21283674240112305,
            "4_select": 0.003984212875366211,
            "5_unroll": 0.00950169563293457,
            "6_rename": 0.0029985904693603516,
            "7_genid": 0.004016399383544922,
            "8_unzip": 0.0029833316802978516,
            "9_copy": 0.004000186920166016,
            "10_filter": 0.01667499542236328
        },
        "create_base_extracted_entities": {
            "overall": 174.11558318138123,
            "0_entity_extract": 174.08535981178284,
            "1_merge_graphs": 0.026040077209472656
        },
        "create_summarized_entities": {
            "overall": 21.890896320343018,
            "0_summarize_descriptions": 21.88688015937805
        },
        "create_base_entity_graph": {
            "overall": 0.05542159080505371,
            "0_cluster_graph": 0.04594731330871582,
            "1_select": 0.004966259002685547
        },
        "create_final_entities": {
            "overall": 3.0968446731567383,
            "0_unpack_graph": 0.01678180694580078,
            "1_rename": 0.005209445953369141,
            "2_select": 0.0074710845947265625,
            "3_dedupe": 0.009026765823364258,
            "4_rename": 0.006003856658935547,
            "5_filter": 0.01632213592529297,
            "6_text_split": 0.009105682373046875,
            "7_drop": 0.00820612907409668,
            "8_merge": 0.02407550811767578,
            "9_text_embed": 2.965977907180786,
            "10_drop": 0.007128477096557617,
            "11_filter": 0.01612257957458496
        },
        "create_final_nodes": {
            "overall": 0.22808194160461426,
            "0_layout_graph": 0.05117511749267578,
            "1_unpack_graph": 0.022255659103393555,
            "2_unpack_graph": 0.021121740341186523,
            "3_filter": 0.019982576370239258,
            "4_drop": 0.00999903678894043,
            "5_select": 0.007999897003173828,
            "6_rename": 0.009263038635253906,
            "7_join": 0.03653454780578613,
            "8_convert": 0.032782793045043945,
            "9_rename": 0.009999513626098633
        },
        "create_final_communities": {
            "overall": 0.2834327220916748,
            "0_unpack_graph": 0.02207779884338379,
            "1_unpack_graph": 0.023985862731933594,
            "2_aggregate_override": 0.03611111640930176,
            "3_join": 0.018217802047729492,
            "4_join": 0.014372110366821289,
            "5_concat": 0.010433673858642578,
            "6_filter": 0.039197683334350586,
            "7_aggregate_override": 0.015007972717285156,
            "8_join": 0.01649785041809082,
            "9_filter": 0.025977134704589844,
            "10_fill": 0.013212442398071289,
            "11_merge": 0.01507115364074707,
            "12_copy": 0.01238393783569336,
            "13_select": 0.011979818344116211
        },
        "join_text_units_to_entity_ids": {
            "overall": 0.056082725524902344,
            "0_select": 0.012957334518432617,
            "1_unroll": 0.012081146240234375,
            "2_aggregate_override": 0.01903057098388672
        },
        "create_final_relationships": {
            "overall": 0.23713326454162598,
            "0_unpack_graph": 0.025885820388793945,
            "1_filter": 0.048671722412109375,
            "2_rename": 0.014282703399658203,
            "3_filter": 0.03642392158508301,
            "4_drop": 0.015999794006347656,
            "5_compute_edge_combined_degree": 0.038018226623535156,
            "6_convert": 0.03063201904296875,
            "7_convert": 0.013999462127685547
        },
        "join_text_units_to_relationship_ids": {
            "overall": 0.08072233200073242,
            "0_select": 0.016537189483642578,
            "1_unroll": 0.016019821166992188,
            "2_aggregate_override": 0.016638755798339844,
            "3_select": 0.01600050926208496
        },
        "create_final_community_reports": {
            "overall": 126.84765625,
            "0_prepare_community_reports_nodes": 0.018392562866210938,
            "1_prepare_community_reports_edges": 0.01904773712158203,
            "2_restore_community_hierarchy": 0.019176244735717773,
            "3_prepare_community_reports": 0.1323561668395996,
            "4_create_community_reports": 126.62589836120605,
            "5_window": 0.01673603057861328
        },
        "create_final_text_units": {
            "overall": 0.14676809310913086,
            "0_select": 0.019825458526611328,
            "1_rename": 0.01709771156311035,
            "2_join": 0.026697397232055664,
            "3_join": 0.023851394653320312,
            "4_aggregate_override": 0.02322220802307129,
            "5_select": 0.02004551887512207
        },
        "create_base_documents": {
            "overall": 0.22797727584838867,
            "0_unroll": 0.020302772521972656,
            "1_select": 0.020210981369018555,
            "2_rename": 0.02078723907470703,
            "3_join": 0.023335695266723633,
            "4_aggregate_override": 0.0254819393157959,
            "5_join": 0.03065776824951172,
            "6_rename": 0.021055936813354492,
            "7_convert": 0.046003103256225586
        },
        "create_final_documents": {
            "overall": 0.042279720306396484,
            "0_rename": 0.021162748336791992
        }
    }
}