{
    "total_runtime": 82.11265134811401,
    "num_documents": 1,
    "input_load_time": 0,
    "workflows": {
        "create_base_text_units": {
            "overall": 0.19123268127441406,
            "0_orderby": 0.0020062923431396484,
            "1_zip": 0.002104520797729492,
            "2_aggregate_override": 0.003621816635131836,
            "3_chunk": 0.14404797554016113,
            "4_select": 0.003879070281982422,
            "5_unroll": 0.004110097885131836,
            "6_rename": 0.0029840469360351562,
            "7_genid": 0.004495859146118164,
            "8_unzip": 0.0038933753967285156,
            "9_copy": 0.004999399185180664,
            "10_filter": 0.012939929962158203
        },
        "create_base_extracted_entities": {
            "overall": 28.842705488204956,
            "0_entity_extract": 28.79296612739563,
            "1_merge_graphs": 0.04673910140991211
        },
        "create_summarized_entities": {
            "overall": 11.14035415649414,
            "0_summarize_descriptions": 11.136378288269043
        },
        "create_base_entity_graph": {
            "overall": 0.17196011543273926,
            "0_cluster_graph": 0.16234517097473145,
            "1_select": 0.004071712493896484
        },
        "create_final_entities": {
            "overall": 5.546449422836304,
            "0_unpack_graph": 0.06461143493652344,
            "1_rename": 0.006005525588989258,
            "2_select": 0.005815029144287109,
            "3_dedupe": 0.006006479263305664,
            "4_rename": 0.006998538970947266,
            "5_filter": 0.018244028091430664,
            "6_text_split": 0.011005163192749023,
            "7_drop": 0.006508827209472656,
            "8_merge": 0.0591731071472168,
            "9_text_embed": 5.326477766036987,
            "10_drop": 0.008038520812988281,
            "11_filter": 0.02255725860595703
        },
        "create_final_nodes": {
            "overall": 0.6099066734313965,
            "0_layout_graph": 0.21919846534729004,
            "1_unpack_graph": 0.0715634822845459,
            "2_unpack_graph": 0.19418859481811523,
            "3_drop": 0.008805990219116211,
            "4_filter": 0.03063797950744629,
            "5_select": 0.009104490280151367,
            "6_rename": 0.007995367050170898,
            "7_convert": 0.03362131118774414,
            "8_join": 0.0160524845123291,
            "9_rename": 0.010879755020141602
        },
        "create_final_communities": {
            "overall": 0.44803547859191895,
            "0_unpack_graph": 0.07725667953491211,
            "1_unpack_graph": 0.06737613677978516,
            "2_aggregate_override": 0.01089620590209961,
            "3_join": 0.017099380493164062,
            "4_join": 0.019324779510498047,
            "5_concat": 0.012982368469238281,
            "6_filter": 0.11691713333129883,
            "7_aggregate_override": 0.01684260368347168,
            "8_join": 0.0163118839263916,
            "9_filter": 0.029758930206298828,
            "10_fill": 0.013000726699829102,
            "11_merge": 0.018129587173461914,
            "12_copy": 0.012024879455566406,
            "13_select": 0.011989593505859375
        },
        "join_text_units_to_entity_ids": {
            "overall": 0.05320405960083008,
            "0_select": 0.010918140411376953,
            "1_unroll": 0.014951705932617188,
            "2_aggregate_override": 0.01623392105102539
        },
        "create_final_relationships": {
            "overall": 0.27240777015686035,
            "0_unpack_graph": 0.0704801082611084,
            "1_filter": 0.03748154640197754,
            "2_rename": 0.015966176986694336,
            "3_filter": 0.04151582717895508,
            "4_drop": 0.014998912811279297,
            "5_compute_edge_combined_degree": 0.03339672088623047,
            "6_convert": 0.030118465423583984,
            "7_convert": 0.016425132751464844
        },
        "join_text_units_to_relationship_ids": {
            "overall": 0.07683086395263672,
            "0_select": 0.013221979141235352,
            "1_unroll": 0.015269994735717773,
            "2_aggregate_override": 0.018373489379882812,
            "3_select": 0.01596522331237793
        },
        "create_final_community_reports": {
            "overall": 31.943373441696167,
            "0_prepare_community_reports_nodes": 0.023318767547607422,
            "1_prepare_community_reports_edges": 0.021776199340820312,
            "2_restore_community_hierarchy": 0.018962383270263672,
            "3_prepare_community_reports": 0.1557908058166504,
            "4_create_community_reports": 31.694457292556763,
            "5_window": 0.015027046203613281
        },
        "create_final_text_units": {
            "overall": 0.13239049911499023,
            "0_select": 0.016007661819458008,
            "1_rename": 0.01633930206298828,
            "2_join": 0.024001121520996094,
            "3_join": 0.01960158348083496,
            "4_aggregate_override": 0.021338224411010742,
            "5_select": 0.01858043670654297
        },
        "create_base_documents": {
            "overall": 0.1973404884338379,
            "0_unroll": 0.019109725952148438,
            "1_select": 0.018163442611694336,
            "2_rename": 0.020008325576782227,
            "3_join": 0.020842790603637695,
            "4_aggregate_override": 0.01999640464782715,
            "5_join": 0.024134397506713867,
            "6_rename": 0.01798248291015625,
            "7_convert": 0.040493011474609375
        },
        "create_final_documents": {
            "overall": 0.03730177879333496,
            "0_rename": 0.01830577850341797
        }
    }
}